"UTMX","UTMY"
444.324,4324.260
444.105,4324.787
443.977,4324.931
443.765,4325.425
443.760,4325.446
443.757,4325.456
443.758,4326.192
443.771,4326.198
443.782,4326.202
443.791,4326.201
443.835,4326.154
443.844,4326.141
443.852,4326.129
443.861,4326.083
443.866,4326.041
443.900,4325.982
443.912,4325.967
443.943,4325.937
443.964,4325.927
444.007,4325.925
444.029,4325.926
444.074,4325.948
444.091,4325.957
444.124,4325.977
444.172,4326.013
444.490,4326.384
444.523,4326.470
444.527,4326.508
444.523,4326.585
444.512,4326.662
444.361,4326.796
444.049,4327.110
444.039,4327.137
443.860,4327.733
443.857,4327.798
443.976,4327.970
444.689,4328.609
444.687,4329.005
444.694,4329.140
444.695,4329.172
445.276,4329.465
445.643,4329.563
445.857,4329.603
445.805,4329.417
446.208,4328.263
446.241,4328.200
446.260,4328.164
446.309,4328.108
446.374,4328.042
446.387,4328.035
446.402,4328.026
446.420,4328.017
446.871,4327.974
446.943,4327.968
448.926,4328.243
449.088,4328.296
449.343,4328.458
449.575,4328.616
449.829,4328.788
450.101,4328.968
450.267,4329.008
450.350,4329.021
450.370,4328.979
450.556,4328.460
450.600,4328.120
450.647,4328.003
450.792,4327.661
450.841,4327.575
450.845,4327.571
450.964,4327.513
451.011,4327.491
451.023,4327.491
451.035,4327.493
451.078,4327.505
451.094,4327.510
451.304,4327.450
451.331,4327.440
451.461,4327.367
451.486,4327.352
451.831,4327.142
452.547,4326.643
452.829,4326.393
452.889,4326.331
452.928,4326.290
452.957,4326.257
452.992,4326.210
452.997,4326.195
453.032,4326.086
453.043,4325.946
453.044,4325.888
453.040,4325.811
453.025,4325.663
453.001,4325.580
452.991,4325.554
452.985,4325.501
452.984,4325.481
452.984,4325.450
452.991,4325.399
453.007,4325.299
453.205,4324.214
453.675,4323.349
454.510,4323.463
454.539,4323.470
454.553,4323.474
454.596,4323.492
454.676,4323.537
454.727,4323.571
454.767,4323.600
454.798,4323.624
454.824,4323.650
454.839,4323.669
454.899,4323.804
454.913,4323.845
454.892,4324.005
454.845,4324.339
454.806,4324.604
454.809,4324.613
454.839,4324.695
454.862,4324.736
454.884,4324.772
455.200,4325.302
455.489,4325.790
455.577,4325.945
455.655,4326.089
455.754,4326.285
455.757,4326.296
455.757,4326.305
455.711,4326.312
455.541,4326.313
455.696,4326.761
455.502,4326.693
454.959,4327.272
454.568,4328.456
454.321,4329.357
454.043,4329.918
453.909,4330.075
453.894,4330.085
453.803,4330.147
453.409,4330.366
453.399,4330.370
453.386,4330.366
453.184,4330.272
453.124,4330.216
452.882,4330.042
452.865,4330.033
452.494,4329.939
452.463,4329.934
452.340,4329.916
451.819,4329.855
451.601,4329.964
451.363,4330.261
451.353,4330.279
451.333,4330.316
451.237,4330.490
451.229,4330.505
451.219,4330.531
451.215,4330.545
451.038,4331.339
451.482,4332.588
451.367,4334.235
451.103,4334.572
450.599,4335.095
450.373,4335.328
449.755,4335.934
449.287,4336.248
449.138,4336.179
448.818,4335.057
448.864,4334.973
449.124,4334.813
449.385,4334.666
449.586,4334.118
449.437,4333.666
449.422,4333.636
449.344,4333.621
449.244,4333.720
448.870,4334.255
448.748,4334.555
448.722,4335.090
448.576,4335.790
448.298,4336.824
448.228,4337.224
448.203,4337.369
448.135,4338.038
448.186,4338.127
448.311,4338.419
448.312,4338.447
447.994,4338.941
447.874,4339.067
447.837,4339.079
447.603,4339.136
447.546,4339.146
447.513,4339.145
447.424,4339.084
447.282,4338.971
446.497,4339.500
445.802,4340.218
445.463,4340.884
445.329,4342.250
445.333,4342.289
446.307,4343.239
447.443,4344.304
447.729,4344.545
447.944,4344.670
448.310,4344.990
448.409,4345.238
448.598,4345.539
448.658,4345.616
449.184,4346.283
449.492,4346.437
449.504,4346.442
449.523,4346.451
449.539,4346.456
449.553,4346.460
449.583,4346.446
449.609,4346.437
449.740,4346.449
449.987,4346.473
450.015,4346.476
450.029,4346.480
450.045,4346.486
450.073,4346.497
450.096,4346.507
450.128,4346.532
450.234,4346.625
450.295,4346.692
450.426,4346.843
450.449,4346.881
450.529,4347.015
450.685,4347.316
451.115,4348.251
451.201,4348.446
451.312,4348.757
451.392,4348.995
451.429,4349.134
451.449,4349.332
451.277,4350.612
451.267,4350.647
451.119,4351.104
451.005,4351.525
450.901,4351.747
450.586,4352.255
450.566,4352.280
450.550,4352.299
450.392,4352.443
450.305,4352.501
450.211,4352.508
449.988,4352.545
449.962,4352.569
449.889,4352.659
449.821,4352.860
449.819,4352.873
449.816,4353.060
449.870,4353.140
449.987,4353.453
450.068,4353.758
450.070,4353.773
450.067,4353.801
450.057,4353.822
450.045,4353.846
449.661,4354.241
449.655,4354.243
449.432,4354.290
449.314,4354.309
448.770,4354.345
448.351,4354.360
448.048,4354.403
448.008,4354.424
447.840,4354.660
447.666,4355.035
447.266,4356.064
447.191,4356.382
447.068,4357.524
446.945,4357.553
446.792,4357.600
446.327,4357.836
446.303,4357.851
446.293,4357.858
446.277,4357.870
446.274,4357.873
446.257,4357.893
446.006,4358.447
445.993,4358.555
446.213,4358.781
446.245,4358.792
446.253,4358.787
446.270,4358.778
446.540,4358.459
446.666,4358.960
446.878,4359.750
447.130,4360.639
447.477,4360.825
447.668,4360.895
447.954,4361.176
448.505,4361.796
448.551,4361.861
448.581,4361.913
449.276,4363.333
449.341,4363.543
449.398,4363.829
449.453,4364.317
449.455,4364.941
449.402,4365.496
449.381,4365.625
449.368,4365.693
449.357,4365.750
449.337,4365.817
449.312,4365.889
449.307,4365.903
449.302,4365.908
449.295,4365.913
449.206,4365.963
448.722,4366.264
448.119,4366.481
448.076,4366.490
448.061,4366.493
447.966,4366.509
447.881,4366.520
447.742,4366.537
447.549,4366.910
447.052,4367.451
446.941,4367.714
447.154,4369.246
447.278,4369.703
447.290,4369.734
447.311,4369.765
447.548,4370.037
448.167,4370.732
448.480,4370.944
448.531,4370.973
448.590,4370.982
448.616,4370.973
448.727,4370.958
448.755,4370.958
448.993,4371.273
449.166,4371.514
450.124,4372.936
450.129,4372.946
450.132,4372.962
450.124,4372.995
450.426,4373.474
451.142,4374.600
451.406,4374.895
451.451,4374.946
452.218,4376.302
452.838,4377.474
453.053,4378.103
453.069,4378.150
453.069,4378.215
453.061,4378.288
453.038,4378.367
452.986,4378.516
453.177,4379.461
453.189,4379.480
453.199,4379.496
453.524,4379.936
453.595,4380.051
453.613,4380.086
453.980,4380.882
453.988,4380.906
454.002,4380.949
454.016,4381.002
454.034,4381.087
454.017,4381.172
453.987,4381.309
453.936,4381.345
453.924,4381.380
453.907,4381.447
453.900,4381.595
453.930,4382.130
453.992,4382.274
454.191,4382.722
454.279,4382.782
454.411,4382.919
454.417,4382.930
454.429,4382.954
454.458,4383.018
454.489,4383.120
454.531,4383.303
454.545,4383.379
454.574,4383.607
454.571,4383.677
454.218,4384.991
454.146,4385.233
454.125,4385.296
454.079,4385.364
453.631,4385.737
453.595,4385.764
453.417,4385.800
453.360,4385.807
453.283,4385.779
453.274,4385.765
453.243,4385.752
453.151,4385.752
453.132,4385.776
452.972,4386.053
452.963,4386.080
452.765,4387.306
452.951,4387.901
453.029,4389.551
453.153,4390.147
453.596,4390.987
453.609,4391.064
453.592,4391.126
453.562,4391.174
452.863,4391.871
452.830,4391.875
452.751,4391.872
452.704,4391.856
452.698,4391.849
452.682,4391.830
452.675,4391.825
452.660,4391.814
452.656,4391.811
452.646,4391.811
452.638,4391.812
452.627,4391.813
452.574,4391.823
452.481,4391.895
452.418,4391.955
452.350,4392.205
452.353,4392.661
452.391,4392.974
452.416,4392.966
452.545,4392.987
452.682,4393.037
452.694,4393.047
452.712,4393.080
452.733,4393.122
452.787,4393.230
452.816,4393.291
452.960,4393.639
452.984,4393.713
453.023,4393.842
453.261,4395.138
453.312,4395.597
453.313,4395.836
453.135,4395.984
452.996,4396.077
452.622,4396.275
452.558,4396.612
452.575,4396.694
452.584,4396.710
452.589,4396.719
452.653,4396.795
452.684,4396.829
452.771,4396.897
452.803,4399.055
452.788,4399.174
452.708,4399.526
452.695,4399.569
452.657,4399.669
452.581,4399.836
452.568,4399.859
452.553,4399.885
452.516,4399.917
452.504,4399.926
452.485,4399.941
452.472,4399.974
452.388,4400.587
452.378,4401.063
452.913,4402.164
453.006,4402.328
453.039,4402.333
453.282,4402.347
453.329,4402.348
453.398,4402.343
453.466,4402.338
453.536,4402.339
453.582,4402.329
453.618,4402.306
453.738,4402.196
453.765,4402.168
453.830,4402.072
454.503,4401.036
454.520,4400.907
454.518,4400.861
454.515,4400.810
454.509,4400.767
454.511,4400.726
454.522,4400.684
454.747,4400.079
454.787,4399.989
456.497,4397.344
457.008,4396.616
457.017,4396.566
456.991,4396.535
456.893,4396.465
456.630,4396.407
456.500,4396.382
456.996,4396.131
457.332,4396.026
457.541,4396.431
457.634,4396.612
457.718,4396.779
457.758,4396.864
457.787,4396.936
457.801,4397.006
457.839,4397.283
457.833,4397.386
457.823,4397.406
457.766,4397.455
457.682,4397.499
457.630,4397.520
457.595,4397.560
457.493,4397.756
457.492,4397.766
457.527,4397.826
457.558,4397.859
458.002,4398.198
458.079,4398.321
458.427,4398.834
458.718,4399.249
458.746,4399.283
458.823,4399.400
458.941,4399.598
458.952,4399.621
458.968,4399.678
458.969,4399.694
458.929,4399.728
458.837,4399.795
458.707,4399.887
458.428,4400.263
458.290,4400.497
458.397,4400.743
459.076,4401.430
459.826,4402.306
460.077,4402.739
460.112,4402.807
460.490,4403.624
460.578,4403.829
460.692,4404.098
460.909,4404.631
460.934,4404.702
461.042,4405.009
461.060,4405.066
461.077,4405.124
461.616,4408.059
461.641,4408.203
461.722,4408.699
461.737,4408.803
461.741,4408.920
461.840,4409.435
461.853,4409.522
461.890,4409.794
461.905,4409.956
461.972,4410.907
461.977,4411.047
461.978,4411.179
461.966,4411.364
461.930,4411.590
461.842,4412.044
462.507,4412.265
462.788,4412.273
462.836,4412.315
463.262,4412.734
463.253,4412.821
463.238,4412.924
462.710,4412.851
462.583,4412.833
462.418,4412.806
462.420,4412.773
462.242,4412.752
461.684,4412.756
461.021,4412.985
460.670,4413.297
460.639,4413.337
460.644,4413.407
460.999,4413.903
461.143,4414.091
461.084,4414.231
460.715,4414.938
461.057,4415.053
460.478,4415.810
460.315,4416.044
460.185,4416.215
460.056,4416.376
459.969,4416.477
459.821,4416.632
459.728,4416.729
459.634,4416.824
459.610,4416.846
459.508,4416.928
459.336,4417.053
459.214,4417.124
458.865,4417.322
458.572,4417.455
458.419,4417.519
458.241,4417.589
458.092,4417.632
457.994,4417.651
457.845,4417.667
457.793,4417.659
457.129,4417.526
456.495,4417.383
456.548,4417.483
456.761,4417.738
456.568,4417.850
455.475,4417.317
454.534,4417.257
454.521,4417.255
454.479,4417.243
454.410,4417.211
454.393,4417.196
454.376,4417.003
454.462,4416.931
454.490,4416.916
454.546,4416.760
454.180,4416.522
453.571,4416.061
453.502,4416.000
452.468,4414.855
452.280,4414.589
452.232,4414.494
452.269,4414.316
452.324,4414.006
452.138,4412.901
451.979,4412.464
451.825,4412.189
451.796,4412.155
451.721,4412.152
451.653,4412.190
451.462,4412.403
451.430,4412.472
451.397,4412.617
451.449,4412.948
451.524,4412.998
451.619,4413.019
451.918,4413.164
451.964,4413.212
451.981,4413.321
451.994,4413.591
451.989,4414.067
451.974,4414.159
451.946,4414.288
451.773,4414.853
451.666,4415.046
451.620,4415.120
451.356,4415.504
450.453,4416.363
449.664,4416.901
449.641,4416.916
449.610,4416.935
449.574,4416.945
449.547,4416.951
449.520,4416.952
449.453,4416.939
449.437,4416.930
449.156,4416.761
449.045,4416.676
448.891,4416.664
448.878,4416.672
448.806,4416.738
448.742,4416.869
448.692,4416.993
448.610,4417.246
448.592,4417.693
448.630,4418.824
448.716,4419.826
448.804,4420.581
448.914,4421.802
448.868,4423.155
448.846,4423.390
448.796,4423.724
448.717,4424.110
448.649,4424.391
448.561,4424.636
448.458,4424.786
448.395,4424.841
448.348,4424.866
448.234,4424.926
448.198,4424.928
448.163,4424.926
448.122,4424.961
448.103,4425.010
448.032,4425.220
448.035,4425.234
448.146,4425.630
448.820,4426.516
449.558,4427.505
449.562,4427.522
449.598,4427.682
449.714,4427.827
449.732,4427.851
449.750,4427.976
449.744,4427.998
449.707,4428.120
449.658,4428.229
449.633,4428.469
449.635,4428.541
449.685,4429.057
449.704,4429.096
449.714,4429.101
449.822,4429.108
449.903,4429.202
449.909,4429.210
449.931,4429.248
449.982,4429.450
449.990,4429.575
449.995,4429.642
450.001,4429.742
449.999,4429.808
449.981,4429.934
449.867,4430.211
449.374,4431.142
449.317,4431.232
449.192,4431.373
449.179,4431.386
449.157,4431.407
448.969,4431.539
448.803,4431.594
448.763,4431.590
448.490,4431.557
448.342,4431.392
448.319,4431.321
448.298,4431.259
448.286,4431.231
448.247,4431.210
448.208,4431.196
446.950,4431.154
446.786,4431.914
446.928,4432.150
447.041,4432.299
447.602,4432.808
447.663,4432.841
447.773,4432.879
447.837,4432.860
447.886,4432.797
447.913,4432.734
447.990,4432.626
448.089,4432.623
448.163,4432.628
448.524,4432.812
448.574,4432.869
448.748,4433.071
448.785,4433.234
448.729,4433.345
448.674,4433.529
448.748,4433.621
449.043,4433.677
449.116,4433.603
449.312,4433.210
449.324,4433.161
449.366,4432.967
449.411,4432.755
449.540,4432.645
449.687,4432.553
449.831,4432.490
450.021,4432.503
450.072,4432.508
450.257,4432.545
450.654,4432.645
450.861,4432.737
451.057,4432.865
451.438,4433.198
451.641,4433.474
452.260,4433.511
452.267,4433.445
452.272,4433.422
452.350,4433.295
452.370,4433.279
452.387,4433.269
452.490,4433.219
452.537,4433.202
452.597,4433.211
453.225,4433.459
453.402,4433.539
453.679,4433.735
453.929,4433.958
453.977,4434.003
454.789,4434.822
455.927,4436.119
456.449,4436.720
456.771,4437.498
456.777,4437.530
456.770,4437.612
456.760,4437.643
456.735,4437.702
456.720,4437.731
456.578,4437.984
456.431,4438.244
456.356,4438.348
456.439,4439.084
456.398,4439.589
456.107,4440.957
456.073,4441.024
456.028,4441.104
455.765,4441.421
455.354,4441.920
455.019,4442.329
455.005,4442.348
454.989,4442.368
454.012,4444.588
453.967,4444.732
453.960,4444.767
453.926,4445.007
453.966,4445.168
453.996,4445.263
454.034,4445.400
454.145,4446.779
454.149,4446.878
454.144,4446.967
454.136,4447.022
454.121,4447.072
454.047,4447.256
454.028,4447.289
453.993,4447.316
453.975,4447.326
453.818,4447.405
453.808,4447.410
453.767,4447.426
453.783,4447.336
453.782,4447.321
453.781,4447.304
453.770,4447.306
453.753,4447.308
453.711,4447.374
453.665,4447.479
453.664,4447.509
453.869,4448.205
453.880,4448.225
453.888,4448.239
453.961,4448.322
454.209,4448.742
454.517,4449.338
454.692,4450.035
454.690,4450.067
454.435,4450.724
454.229,4451.653
454.567,4453.129
454.909,4454.209
455.168,4454.803
455.279,4455.258
455.214,4455.389
455.224,4455.457
455.411,4456.062
455.437,4456.107
455.452,4456.123
455.468,4456.139
455.502,4456.164
455.454,4456.200
455.437,4456.218
455.424,4456.234
455.430,4456.266
455.704,4457.582
455.706,4457.591
455.714,4457.622
455.722,4457.648
455.729,4457.668
455.737,4457.690
455.835,4457.863
455.859,4457.887
456.062,4458.038
456.074,4458.080
456.117,4458.260
456.050,4459.558
456.045,4459.577
456.035,4459.595
456.023,4459.613
456.000,4459.646
455.989,4459.663
455.974,4459.682
455.859,4459.808
455.850,4459.815
455.836,4459.825
455.815,4459.839
455.706,4459.911
455.684,4459.925
455.653,4459.942
455.630,4459.952
455.612,4459.958
455.590,4459.965
455.567,4459.971
455.542,4459.976
454.638,4461.024
454.490,4461.211
454.476,4461.238
454.469,4461.291
454.430,4461.604
454.425,4461.679
454.428,4461.709
454.437,4461.739
454.475,4461.839
454.511,4461.857
454.612,4461.883
454.686,4461.886
454.746,4461.888
454.764,4461.891
454.773,4461.897
454.782,4461.908
454.656,4462.364
454.459,4462.861
454.442,4462.891
454.042,4463.345
454.015,4463.367
453.731,4463.532
453.688,4463.540
453.637,4463.537
453.456,4463.430
453.324,4463.345
453.298,4463.336
452.706,4463.276
452.685,4463.286
452.675,4463.292
452.613,4463.349
452.293,4463.694
451.792,4464.723
451.806,4464.867
451.439,4465.125
451.375,4465.159
451.238,4465.217
450.725,4465.347
450.476,4465.186
450.416,4465.171
449.789,4465.186
448.212,4465.406
447.708,4466.078
447.270,4467.883
447.282,4467.949
447.358,4468.114
447.375,4468.142
447.441,4468.175
447.460,4468.170
447.475,4468.167
447.505,4468.172
447.536,4468.178
447.558,4468.183
447.999,4468.302
448.009,4468.314
448.139,4468.552
448.405,4470.181
448.802,4471.884
449.068,4472.715
449.069,4473.168
449.220,4473.336
449.137,4473.714
449.017,4474.846
448.954,4475.657
448.187,4477.881
448.171,4477.916
448.162,4477.937
448.124,4478.011
448.120,4478.017
448.107,4478.035
448.077,4478.076
448.059,4478.091
448.038,4478.099
448.013,4478.113
447.996,4478.136
447.961,4478.210
447.896,4478.406
447.782,4478.768
447.441,4479.920
447.156,4481.084
447.068,4481.652
447.055,4481.747
447.048,4481.875
447.043,4482.004
447.031,4482.088
447.019,4482.148
446.968,4482.348
446.955,4482.397
446.944,4482.425
446.747,4482.707
446.647,4482.837
446.592,4482.907
446.572,4482.927
446.489,4483.009
446.435,4483.051
446.308,4482.969
446.256,4482.937
446.207,4482.916
446.167,4482.900
446.133,4482.891
446.096,4482.882
446.032,4482.890
445.951,4482.903
445.914,4482.926
445.892,4482.940
444.784,4483.830
444.017,4484.482
442.948,4486.846
442.910,4486.948
442.851,4487.124
442.586,4488.323
442.317,4489.033
441.826,4490.129
441.986,4490.199
442.035,4490.321
442.265,4490.926
442.268,4490.936
442.272,4490.951
442.275,4491.013
442.273,4491.213
442.269,4491.326
442.258,4491.396
442.253,4491.410
442.217,4491.484
442.133,4491.652
442.115,4491.686
441.337,4492.985
441.329,4492.996
441.296,4493.040
441.253,4493.094
441.140,4493.220
441.028,4493.335
440.713,4493.600
440.677,4493.626
440.349,4493.814
440.239,4493.866
440.089,4493.921
439.716,4494.053
439.670,4494.064
439.652,4494.064
438.523,4493.690
438.122,4493.524
438.088,4493.505
438.065,4493.491
437.245,4492.871
436.623,4492.899
436.607,4492.897
436.599,4492.895
436.289,4492.680
436.248,4492.640
436.205,4492.594
436.179,4492.559
436.159,4492.524
436.157,4492.510
436.159,4492.195
436.164,4492.189
436.086,4491.738
435.992,4491.285
435.033,4491.221
433.671,4491.371
432.910,4491.414
432.583,4491.386
432.128,4491.466
432.117,4491.477
432.109,4491.532
432.107,4491.544
432.098,4491.969
432.098,4491.987
432.110,4492.029
432.123,4492.056
432.334,4492.446
432.342,4492.459
432.350,4492.469
432.380,4492.488
433.733,4493.998
433.789,4494.068
433.823,4494.141
433.857,4494.255
433.956,4494.698
433.965,4494.760
433.953,4494.847
433.899,4495.045
433.355,4496.024
433.194,4496.241
433.153,4496.294
433.125,4496.318
433.075,4496.354
432.941,4496.449
432.885,4496.486
432.771,4496.538
432.713,4496.563
432.631,4496.594
432.530,4496.623
432.359,4496.667
432.291,4496.683
432.107,4496.719
431.994,4496.718
431.889,4496.711
431.823,4496.699
431.799,4496.693
431.704,4496.656
431.616,4496.621
431.569,4496.601
431.521,4496.574
431.475,4496.532
431.432,4496.460
431.409,4496.422
431.194,4495.375
430.787,4494.515
430.777,4494.497
430.745,4494.437
429.615,4492.924
429.591,4492.938
429.572,4492.941
429.499,4492.951
429.477,4492.950
429.444,4492.943
429.384,4492.922
429.331,4492.887
429.314,4492.875
429.273,4492.827
429.172,4492.631
429.050,4492.266
429.024,4492.179
429.026,4492.169
429.093,4491.912
429.104,4491.886
429.189,4491.766
429.372,4491.090
429.385,4491.042
429.385,4491.010
429.381,4490.930
429.317,4490.529
429.278,4490.317
429.260,4490.286
429.217,4490.256
429.143,4490.262
429.117,4490.278
429.016,4490.419
428.767,4490.958
428.725,4491.066
428.684,4491.291
428.681,4491.317
428.716,4491.495
428.775,4491.565
428.784,4491.575
428.828,4491.642
428.842,4491.673
428.846,4491.713
428.841,4491.726
428.529,4492.264
428.403,4492.334
428.136,4492.418
428.045,4492.897
427.863,4494.423
427.943,4495.208
427.543,4496.432
427.647,4497.249
427.654,4497.294
427.674,4497.343
427.687,4497.373
427.721,4497.440
427.811,4497.599
427.932,4497.659
427.941,4497.664
427.964,4497.669
427.987,4497.670
428.018,4497.669
428.051,4497.664
428.104,4497.647
429.225,4497.971
431.036,4498.810
431.231,4499.023
431.538,4500.893
431.473,4501.028
431.744,4501.769
432.118,4502.638
432.287,4502.799
432.231,4502.827
432.130,4502.908
432.109,4502.928
432.087,4502.952
432.082,4502.987
432.091,4503.319
432.191,4503.355
432.249,4503.342
432.326,4503.334
432.410,4503.358
432.551,4503.405
432.629,4503.438
432.741,4503.495
432.754,4503.512
432.779,4503.547
432.793,4503.592
432.822,4503.841
432.820,4503.977
432.813,4504.083
432.788,4504.196
432.761,4504.310
432.668,4504.479
432.454,4504.584
431.921,4504.833
431.856,4504.856
431.783,4504.829
431.766,4504.822
431.720,4504.800
431.660,4504.773
431.542,4504.764
431.522,4504.764
431.461,4504.765
431.301,4504.792
431.267,4504.800
430.284,4505.189
430.276,4505.196
430.260,4505.220
430.241,4505.251
430.232,4505.265
430.225,4505.292
430.230,4505.532
430.276,4505.749
430.295,4505.788
430.306,4505.818
430.338,4505.927
430.338,4505.945
430.250,4506.132
430.184,4506.272
430.165,4506.308
429.977,4506.595
429.965,4506.611
429.846,4506.757
429.805,4506.802
429.234,4507.159
428.633,4507.591
428.622,4507.617
428.462,4507.940
428.077,4508.571
427.760,4508.830
427.739,4508.842
427.578,4508.917
427.542,4508.926
427.420,4508.912
427.328,4508.880
427.316,4508.872
427.305,4508.864
427.109,4509.033
426.858,4509.302
426.862,4509.435
426.971,4509.983
426.980,4509.997
427.772,4510.708
428.386,4511.225
429.433,4512.821
429.603,4513.087
429.715,4513.850
429.718,4513.908
429.755,4514.694
429.740,4514.725
429.146,4515.884
429.148,4516.002
429.183,4516.114
429.208,4516.192
429.321,4516.464
429.360,4516.488
429.411,4516.493
429.446,4516.485
429.598,4516.440
429.742,4516.443
429.915,4516.505
430.472,4516.990
430.671,4517.271
431.256,4518.234
431.567,4519.104
431.658,4519.148
431.822,4519.237
431.838,4519.261
432.156,4519.985
432.162,4520.027
432.159,4520.065
432.158,4520.757
432.654,4521.696
432.808,4521.939
433.063,4522.312
433.160,4522.429
433.268,4522.889
434.124,4524.453
434.233,4525.921
434.598,4526.414
434.608,4526.434
434.244,4527.959
432.944,4528.987
432.729,4529.123
432.430,4529.299
432.016,4529.385
431.984,4529.396
431.923,4529.502
431.685,4529.974
431.695,4530.091
431.789,4530.247
431.804,4530.256
431.880,4530.298
431.919,4530.308
431.949,4530.316
431.956,4530.347
431.865,4530.681
431.254,4531.151
430.696,4531.604
430.692,4531.612
430.683,4531.631
430.634,4531.774
430.616,4531.863
430.674,4532.126
430.746,4532.310
431.396,4533.573
431.809,4534.369
432.544,4535.645
432.807,4535.827
432.918,4535.849
432.985,4535.762
432.972,4535.794
432.963,4535.867
432.962,4535.912
432.989,4535.934
433.024,4535.911
433.151,4535.793
433.463,4535.351
433.665,4534.982
434.899,4533.843
434.913,4533.836
435.193,4533.822
435.366,4533.917
435.395,4533.932
435.412,4533.936
435.561,4533.924
435.784,4533.894
435.871,4533.837
435.901,4533.808
435.846,4533.584
435.440,4532.424
435.412,4532.384
435.141,4532.154
435.105,4531.741
435.173,4531.234
435.307,4531.092
435.549,4530.515
435.595,4530.261
435.665,4529.829
435.661,4529.765
435.647,4529.647
435.616,4529.565
435.574,4529.539
435.537,4529.549
435.524,4529.560
435.507,4529.570
435.461,4529.568
435.423,4529.553
435.388,4529.528
435.370,4529.492
435.355,4529.457
435.340,4529.386
435.353,4529.258
435.362,4529.210
435.382,4529.142
435.518,4528.882
435.595,4528.740
435.832,4528.312
436.716,4526.987
436.829,4526.847
436.912,4526.750
438.390,4525.033
439.070,4524.324
439.254,4524.108
439.413,4523.952
439.802,4523.573
439.968,4523.416
440.161,4523.243
441.125,4522.455
441.174,4522.418
441.355,4522.296
442.051,4521.835
442.159,4521.756
442.233,4521.720
442.302,4521.699
442.923,4521.605
443.052,4521.588
443.068,4521.593
443.204,4521.646
443.257,4521.667
444.142,4521.473
444.641,4521.283
445.175,4522.116
445.223,4522.348
445.583,4522.455
446.173,4522.615
446.267,4522.625
446.445,4522.609
446.946,4522.552
447.378,4522.506
448.138,4522.418
448.137,4522.387
448.116,4522.388
447.953,4522.422
447.931,4522.424
446.621,4522.572
446.321,4522.603
446.253,4522.604
446.216,4522.600
446.104,4522.573
445.322,4522.343
445.291,4522.325
445.258,4522.292
445.242,4522.245
445.233,4522.210
445.041,4521.258
445.026,4521.177
445.077,4521.154
445.116,4521.148
445.168,4521.141
446.769,4520.961
447.806,4521.003
449.377,4520.992
449.667,4521.100
449.707,4521.157
449.705,4521.163
449.711,4521.156
449.682,4521.114
449.671,4521.098
449.701,4521.045
449.707,4521.037
450.063,4520.925
450.088,4520.928
450.428,4520.987
450.441,4520.992
450.568,4521.050
452.042,4520.135
452.533,4519.763
452.933,4519.484
453.561,4519.061
454.091,4518.922
454.277,4518.883
454.361,4518.870
455.053,4518.858
455.077,4518.843
455.098,4518.837
455.213,4518.810
456.079,4518.839
456.255,4518.850
456.683,4518.875
457.386,4518.950
457.495,4518.963
459.470,4519.240
459.781,4519.293
460.010,4519.334
460.135,4519.359
460.580,4519.450
461.195,4519.582
461.346,4519.620
461.496,4519.661
461.751,4519.732
462.005,4519.811
462.415,4519.946
462.873,4520.110
463.185,4520.225
463.365,4520.295
463.493,4520.346
463.894,4520.516
464.304,4520.701
464.546,4520.824
465.396,4521.301
465.511,4521.370
465.779,4521.534
466.608,4522.070
466.732,4522.157
466.930,4522.318
468.024,4523.342
468.150,4523.477
468.352,4523.709
468.425,4523.826
468.699,4524.620
468.888,4525.320
468.923,4525.426
469.026,4525.649
469.186,4525.756
469.305,4525.792
469.451,4525.856
470.705,4526.773
471.163,4527.132
471.770,4527.325
472.228,4527.406
473.331,4528.039
473.430,4528.102
473.759,4528.339
473.882,4528.453
473.960,4528.542
473.975,4528.742
474.279,4529.064
474.646,4529.315
474.907,4529.420
474.994,4529.450
475.019,4529.456
475.035,4529.452
475.045,4529.434
475.045,4529.411
475.380,4529.226
476.322,4529.150
476.930,4529.105
477.013,4529.112
477.166,4529.176
477.205,4529.203
477.334,4529.380
477.492,4529.566
478.347,4529.746
478.530,4529.680
478.593,4529.582
479.760,4529.438
479.832,4529.417
479.926,4529.417
480.501,4529.445
480.612,4529.463
480.703,4529.485
480.751,4529.509
480.834,4529.566
481.573,4529.794
481.816,4529.900
482.310,4530.138
482.394,4530.199
482.710,4530.513
483.089,4530.892
483.333,4531.110
483.388,4531.134
483.655,4531.356
483.937,4531.594
483.964,4531.618
484.693,4532.266
485.435,4533.099
486.245,4534.020
487.920,4536.228
488.189,4536.590
488.440,4536.932
488.512,4537.032
488.585,4537.139
488.732,4537.362
489.319,4538.261
489.388,4538.397
489.656,4539.225
489.659,4539.242
489.624,4539.872
489.877,4541.533
489.812,4541.767
489.840,4541.863
489.845,4541.874
489.902,4541.946
490.040,4541.936
490.970,4541.863
490.985,4541.888
491.299,4542.260
491.390,4542.354
491.401,4542.363
491.549,4542.475
492.105,4542.815
492.337,4542.837
492.343,4542.836
492.935,4542.734
494.034,4543.606
495.076,4544.812
496.263,4546.217
497.358,4547.451
497.990,4548.076
498.609,4549.168
499.167,4550.174
499.176,4550.189
499.184,4550.202
499.244,4550.291
499.381,4550.341
499.563,4550.399
499.577,4550.403
499.638,4550.380
499.657,4550.355
499.941,4550.362
499.781,4550.416
499.732,4550.588
499.733,4550.626
500.487,4551.915
500.942,4552.521
501.112,4552.680
501.833,4552.811
502.664,4553.363
503.498,4554.003
503.676,4554.035
503.880,4554.068
504.266,4554.013
504.316,4553.943
504.319,4553.935
504.324,4553.913
504.317,4553.874
504.278,4553.817
504.251,4553.790
504.240,4553.773
504.240,4553.761
504.247,4553.748
504.292,4553.669
504.816,4553.047
504.870,4552.983
504.889,4552.971
505.042,4552.923
505.063,4552.918
505.074,4552.915
505.079,4552.914
505.359,4552.898
505.422,4552.897
506.821,4552.898
507.237,4552.969
507.283,4552.985
509.041,4553.632
509.180,4553.694
509.247,4553.742
509.311,4553.814
509.634,4554.196
510.023,4554.680
510.137,4554.827
510.218,4554.934
510.241,4554.966
510.259,4554.994
510.310,4555.079
510.333,4555.152
510.331,4555.245
510.328,4555.287
510.319,4555.317
510.283,4555.373
510.247,4555.362
510.211,4555.341
510.102,4555.376
510.065,4555.388
509.986,4555.557
509.975,4555.586
509.969,4555.627
509.979,4555.710
509.987,4555.766
509.989,4555.781
510.029,4555.878
510.080,4555.956
510.150,4556.007
510.336,4556.110
510.452,4556.122
510.529,4556.061
510.569,4556.030
510.617,4555.954
510.619,4555.894
510.617,4555.881
510.665,4555.790
510.795,4555.721
510.842,4555.706
510.898,4555.710
510.929,4555.712
512.558,4555.924
512.683,4555.972
512.761,4556.002
512.794,4556.022
513.395,4556.661
513.492,4556.771
514.072,4557.432
514.101,4557.474
514.130,4557.533
514.322,4557.987
514.346,4558.056
514.352,4558.082
514.364,4558.213
514.348,4558.424
514.254,4558.441
513.269,4559.146
512.977,4560.272
512.922,4560.661
512.995,4561.097
513.001,4561.128
513.058,4561.245
513.133,4561.296
513.151,4561.304
513.460,4561.491
514.018,4564.206
514.018,4564.238
514.004,4564.303
513.941,4564.410
513.686,4564.711
513.660,4564.739
513.594,4564.808
513.546,4564.851
513.444,4564.931
513.406,4564.949
513.252,4564.971
513.219,4564.971
513.168,4564.962
513.113,4564.948
512.789,4564.753
512.667,4564.658
512.662,4564.652
512.641,4564.629
512.636,4564.621
512.621,4564.599
512.603,4564.571
512.599,4564.560
512.594,4564.549
512.584,4564.499
512.582,4564.490
512.579,4564.482
512.553,4564.457
512.524,4564.437
512.484,4564.410
512.470,4564.402
512.417,4564.386
511.884,4564.546
511.842,4564.562
511.779,4564.674
511.767,4564.695
511.565,4565.150
511.569,4565.232
511.793,4565.889
511.806,4565.908
512.055,4566.158
512.085,4566.181
512.200,4566.204
512.237,4566.197
512.699,4566.033
513.466,4565.654
513.471,4565.551
513.335,4565.491
513.282,4565.453
513.261,4565.344
513.280,4565.305
513.302,4565.261
513.341,4565.195
513.505,4565.002
513.543,4564.962
513.597,4564.938
513.638,4564.925
513.737,4564.943
513.817,4564.973
513.830,4564.979
513.840,4564.986
513.858,4565.009
514.212,4565.597
514.841,4566.080
515.161,4566.307
515.177,4566.315
515.284,4566.361
515.419,4566.365
516.187,4566.268
516.215,4566.252
516.293,4566.131
516.345,4565.692
516.600,4565.852
516.789,4566.072
517.347,4566.614
518.042,4567.081
518.181,4567.172
518.869,4567.560
518.884,4567.561
518.903,4567.546
518.902,4567.541
518.892,4567.509
518.932,4567.542
518.971,4567.544
519.692,4567.552
519.731,4567.523
519.770,4567.291
519.708,4567.117
519.696,4567.121
519.684,4567.119
519.636,4567.075
519.628,4567.064
519.658,4566.458
519.686,4566.394
519.793,4566.160
519.859,4566.098
519.907,4566.065
519.925,4566.054
519.977,4566.021
520.032,4565.992
520.048,4565.985
520.126,4566.011
520.224,4566.083
521.482,4565.752
521.763,4565.661
522.303,4565.337
522.765,4564.988
523.313,4564.388
523.495,4564.115
523.506,4564.097
523.511,4564.088
523.620,4563.315
523.590,4562.885
523.577,4562.822
523.547,4562.720
522.976,4561.370
522.837,4561.167
522.711,4560.957
522.618,4560.688
522.610,4560.626
522.613,4560.594
522.644,4560.546
522.679,4560.508
522.694,4560.492
522.829,4560.376
522.872,4560.353
522.992,4560.301
523.055,4560.278
523.071,4560.272
523.204,4560.238
523.260,4560.234
523.333,4560.240
523.437,4560.255
523.473,4560.311
523.478,4560.356
523.474,4560.365
523.439,4560.433
523.430,4560.438
523.424,4560.437
523.416,4560.431
523.389,4560.435
523.366,4560.451
523.355,4560.743
523.358,4560.810
523.530,4561.681
523.946,4562.969
524.006,4563.108
524.024,4563.127
524.029,4563.132
524.040,4563.133
524.058,4563.134
524.115,4563.125
524.292,4563.051
524.613,4562.472
525.224,4561.291
525.229,4561.233
525.141,4561.177
524.817,4561.071
524.499,4560.970
524.472,4560.948
524.253,4560.768
524.221,4560.740
524.100,4560.603
524.086,4560.566
524.204,4560.359
524.246,4560.297
524.273,4560.263
524.300,4560.242
524.360,4560.223
525.260,4559.972
525.315,4559.963
525.435,4559.965
525.489,4559.967
525.550,4559.971
525.617,4559.977
525.674,4559.984
525.876,4560.022
526.022,4560.010
526.076,4560.015
526.160,4560.032
526.345,4560.077
526.409,4560.102
526.459,4560.122
526.503,4560.145
526.557,4560.184
526.611,4560.228
526.657,4560.305
526.701,4560.406
526.707,4560.472
526.706,4560.493
526.666,4560.731
526.623,4560.843
526.605,4560.883
526.593,4560.891
526.553,4560.915
526.510,4560.964
526.501,4560.992
526.507,4561.031
526.535,4561.085
526.574,4561.133
526.694,4561.252
526.667,4561.258
526.635,4561.266
526.608,4561.279
526.601,4561.339
526.610,4561.349
526.620,4561.360
526.624,4561.351
526.648,4561.341
526.674,4561.315
526.695,4561.284
526.702,4561.262
526.743,4561.302
526.834,4561.347
526.846,4561.350
526.858,4561.349
527.045,4560.873
527.048,4560.840
526.891,4560.562
526.877,4560.538
526.830,4560.529
526.797,4560.533
526.752,4560.519
526.738,4560.506
526.721,4560.445
526.714,4560.398
526.746,4560.328
526.798,4560.253
526.899,4560.161
527.019,4560.056
527.071,4560.019
527.198,4559.967
527.252,4559.949
527.507,4559.661
527.603,4559.521
527.612,4559.511
527.832,4559.383
527.897,4559.390
527.916,4559.397
527.972,4559.416
528.051,4559.454
528.160,4559.510
528.205,4559.538
528.245,4559.574
528.264,4559.596
528.620,4560.142
528.610,4560.317
528.584,4560.286
528.426,4560.099
528.396,4560.064
528.377,4560.050
528.360,4560.038
528.346,4560.033
528.330,4560.028
528.317,4560.029
528.287,4560.030
528.076,4560.120
527.989,4560.171
527.721,4560.407
527.698,4560.456
527.703,4560.464
527.720,4560.490
528.020,4560.800
528.158,4560.905
528.289,4561.028
528.383,4561.123
528.364,4561.255
528.363,4561.262
528.360,4561.278
528.358,4561.286
528.345,4561.396
528.344,4561.402
528.344,4561.499
528.348,4561.513
528.355,4561.535
528.410,4561.581
528.531,4561.633
529.198,4561.846
529.250,4561.845
529.481,4561.369
529.507,4561.359
529.573,4561.334
529.608,4561.327
529.683,4561.314
529.695,4561.313
529.703,4561.318
529.854,4561.424
529.922,4561.505
530.003,4561.607
530.100,4561.731
530.431,4561.854
530.459,4561.864
530.509,4561.823
530.523,4561.796
530.586,4561.636
530.661,4561.337
530.673,4561.273
530.713,4560.950
530.711,4560.863
530.697,4560.724
530.632,4560.274
530.723,4559.979
530.822,4559.676
530.954,4559.340
531.035,4559.179
531.051,4559.165
531.078,4559.150
531.120,4559.144
531.232,4559.133
531.323,4559.139
531.456,4559.197
531.470,4559.244
531.492,4559.371
531.523,4559.528
531.574,4559.579
531.704,4559.668
531.758,4559.678
531.939,4559.664
532.174,4559.448
532.261,4559.176
532.328,4558.886
534.082,4558.421
534.158,4558.456
534.435,4558.574
535.159,4558.713
535.190,4558.709
535.231,4558.691
535.503,4558.471
535.544,4558.279
535.550,4558.240
535.538,4558.042
535.399,4557.329
535.381,4557.294
535.228,4557.159
535.201,4557.148
535.043,4557.093
535.000,4557.090
534.957,4557.088
534.951,4557.139
534.938,4557.151
534.865,4557.192
534.849,4557.201
534.829,4557.195
534.348,4556.895
534.037,4556.602
534.035,4556.599
534.024,4556.584
533.995,4556.508
533.988,4556.449
533.990,4556.368
534.276,4556.150
534.557,4556.127
535.492,4556.051
535.539,4556.047
535.675,4556.053
535.764,4556.094
536.055,4556.026
536.262,4555.668
536.266,4555.658
536.331,4555.313
536.333,4555.285
536.322,4555.216
536.304,4555.198
536.268,4555.206
536.230,4555.226
536.196,4555.222
536.120,4555.206
536.014,4555.078
535.988,4555.028
535.988,4554.972
535.996,4554.924
536.097,4554.707
536.577,4553.979
536.679,4553.839
536.712,4553.802
536.761,4553.764
537.113,4553.392
536.946,4552.558
536.995,4550.322
537.002,4550.310
537.133,4550.174
537.156,4550.153
537.213,4550.145
537.461,4550.126
537.530,4550.128
537.567,4550.130
537.721,4550.212
537.765,4550.254
537.819,4550.500
537.826,4550.560
537.904,4550.868
538.120,4551.354
538.208,4551.500
538.766,4552.262
539.524,4552.742
539.540,4552.748
539.556,4552.753
539.596,4552.819
539.599,4552.832
539.681,4553.658
539.678,4553.686
539.669,4553.723
539.661,4553.751
539.625,4553.797
539.523,4553.828
539.378,4553.834
539.338,4553.825
539.277,4553.803
539.087,4553.861
539.013,4553.898
538.978,4553.931
538.923,4554.045
538.917,4554.108
538.979,4554.433
539.023,4554.545
539.036,4554.575
539.184,4554.792
539.358,4554.709
539.396,4554.670
539.455,4554.603
540.293,4554.464
540.323,4554.462
540.328,4554.462
540.353,4554.463
540.374,4554.463
540.392,4554.473
540.412,4554.495
540.467,4554.589
540.483,4554.623
540.483,4554.651
540.480,4554.721
540.474,4554.806
540.550,4554.905
540.723,4555.124
540.756,4555.126
541.693,4554.862
542.814,4554.505
543.408,4554.848
543.458,4554.918
543.384,4555.120
543.307,4555.261
543.203,4555.692
543.154,4556.090
543.188,4556.228
543.586,4556.304
544.145,4556.301
544.423,4555.888
544.678,4554.852
545.020,4554.205
544.822,4554.239
544.609,4554.250
544.550,4554.247
544.522,4554.242
544.495,4554.230
544.152,4554.026
544.145,4553.994
544.137,4553.953
544.136,4553.919
544.187,4553.773
544.200,4553.737
544.854,4553.852
545.282,4554.009
545.737,4553.805
545.796,4553.774
545.809,4553.741
545.823,4553.621
545.833,4553.488
545.739,4553.229
545.717,4553.173
545.694,4553.125
545.621,4553.092
545.565,4553.071
545.544,4553.061
545.237,4552.517
545.332,4551.819
545.357,4551.663
545.371,4551.602
545.391,4551.580
545.407,4551.570
545.731,4551.416
545.780,4551.401
545.834,4551.394
545.891,4551.388
545.940,4551.397
546.010,4551.435
546.028,4551.460
546.044,4551.490
546.048,4551.506
546.034,4551.533
546.025,4551.547
546.017,4551.558
546.019,4551.604
546.195,4551.817
546.488,4552.128
546.519,4552.140
547.085,4552.210
547.111,4552.201
547.369,4552.030
547.447,4551.957
547.593,4551.774
547.819,4551.106
547.918,4550.072
547.449,4548.930
547.096,4548.278
546.342,4547.704
546.082,4547.775
545.744,4547.965
545.615,4548.263
545.768,4548.669
545.707,4548.785
545.678,4548.820
545.668,4548.830
545.639,4548.854
545.626,4548.859
545.562,4548.877
545.428,4548.891
545.381,4548.866
544.511,4547.099
544.483,4547.035
544.457,4546.968
544.441,4546.895
544.413,4546.745
544.412,4546.632
544.438,4546.522
544.468,4546.435
544.580,4546.282
544.742,4545.751
544.687,4545.689
544.282,4545.190
544.215,4545.103
544.186,4544.972
543.994,4544.821
543.973,4544.796
543.951,4544.742
543.945,4544.670
543.953,4544.371
543.954,4544.330
544.051,4544.001
544.064,4543.962
544.160,4543.856
544.246,4543.624
544.249,4543.611
543.683,4541.941
543.206,4540.846
542.915,4540.733
542.719,4540.632
542.693,4540.607
542.665,4540.548
542.502,4540.094
542.509,4540.037
542.543,4539.927
542.564,4539.902
543.122,4539.768
543.166,4539.758
544.040,4540.025
544.145,4540.123
544.486,4540.764
544.495,4540.782
544.507,4540.808
544.533,4540.872
544.554,4540.988
544.548,4541.038
544.527,4541.076
544.477,4541.129
544.404,4541.173
544.334,4541.368
544.280,4542.088
544.308,4542.130
544.351,4542.188
544.419,4542.235
544.467,4542.251
544.480,4542.255
544.641,4542.295
544.675,4542.273
544.736,4542.199
544.750,4542.183
544.752,4542.179
544.768,4542.126
544.764,4542.104
545.395,4542.204
545.992,4542.427
546.731,4542.856
546.824,4542.967
547.027,4543.067
547.172,4543.095
547.191,4543.072
547.222,4543.020
547.337,4542.759
547.321,4541.710
547.122,4541.469
546.798,4541.028
546.366,4539.854
546.359,4539.830
546.336,4539.737
546.327,4539.673
546.330,4539.649
546.357,4539.613
546.410,4539.559
546.539,4539.451
546.641,4539.372
546.714,4539.324
546.786,4539.297
546.890,4539.284
547.913,4539.482
547.973,4539.449
548.025,4539.429
548.044,4539.426
548.061,4539.432
548.121,4539.458
548.180,4539.510
548.189,4539.525
548.186,4539.542
548.180,4539.554
548.163,4539.586
548.156,4539.598
548.146,4539.605
548.132,4539.605
548.124,4539.602
548.116,4539.572
548.107,4539.571
548.091,4539.582
548.081,4539.601
548.076,4539.619
548.077,4539.634
548.097,4539.694
548.193,4539.803
548.227,4539.825
548.267,4539.833
548.393,4539.790
548.406,4539.779
548.407,4539.769
548.397,4539.751
548.346,4539.687
548.338,4539.688
548.333,4539.697
548.329,4539.709
548.319,4539.709
548.304,4539.698
548.255,4539.621
548.199,4539.468
548.215,4539.383
548.289,4539.252
548.311,4539.221
548.327,4539.217
548.408,4539.209
548.432,4539.207
548.511,4539.234
549.735,4540.517
549.936,4540.944
549.992,4541.070
550.030,4541.451
550.133,4541.247
550.463,4541.041
550.658,4541.036
551.064,4541.009
551.139,4540.954
552.085,4540.000
552.261,4539.623
553.008,4539.212
553.059,4539.185
553.071,4539.180
553.427,4539.085
553.665,4539.048
554.037,4539.052
554.131,4539.115
554.305,4539.254
554.411,4539.349
554.681,4539.411
554.713,4539.416
555.166,4539.465
555.221,4539.428
555.264,4539.387
555.363,4539.290
555.843,4538.731
555.856,4538.711
555.894,4538.575
555.921,4538.464
555.879,4538.353
555.849,4538.314
554.902,4537.222
554.863,4537.199
554.835,4537.196
554.820,4537.198
554.800,4537.201
554.494,4537.265
554.473,4537.270
554.457,4537.274
553.545,4537.596
553.373,4537.678
553.095,4537.856
553.035,4537.901
552.540,4538.372
552.441,4538.513
552.337,4538.730
552.252,4538.971
552.253,4538.998
552.266,4539.032
552.270,4539.049
552.270,4539.071
552.252,4539.099
552.237,4539.121
552.200,4539.159
552.185,4539.171
552.123,4539.202
552.064,4539.229
551.565,4539.351
551.497,4539.348
551.405,4539.310
551.381,4539.294
549.747,4537.866
549.555,4537.810
549.533,4537.798
549.237,4537.592
549.212,4537.549
549.182,4537.487
549.005,4537.034
549.002,4536.659
549.018,4536.403
549.031,4536.278
549.039,4536.252
549.054,4536.241
549.090,4536.236
549.443,4535.931
549.970,4535.427
549.918,4535.213
548.984,4533.873
548.784,4533.944
548.675,4533.842
548.615,4533.779
548.590,4533.748
547.840,4532.562
547.824,4532.522
547.809,4532.475
547.768,4532.342
547.761,4532.273
547.764,4532.208
547.773,4532.075
547.786,4531.941
547.796,4531.869
547.813,4531.821
547.835,4531.772
547.845,4531.763
547.861,4531.749
547.992,4531.635
548.053,4531.585
548.073,4531.579
548.093,4531.580
548.126,4531.614
548.131,4531.624
548.165,4531.647
548.201,4531.667
548.225,4531.675
548.289,4531.693
548.298,4531.693
548.329,4531.691
548.347,4531.688
548.360,4531.673
548.428,4531.584
548.432,4531.566
548.444,4531.058
548.434,4531.007
548.410,4530.946
548.397,4530.922
548.047,4530.716
547.684,4530.555
547.394,4530.472
547.352,4530.475
547.267,4530.490
545.887,4530.698
545.392,4530.668
545.389,4530.670
545.199,4530.996
545.160,4531.065
545.017,4531.380
545.004,4531.411
544.787,4531.474
544.542,4531.524
544.421,4531.533
544.102,4531.510
544.094,4531.507
543.882,4531.343
543.641,4531.170
543.602,4531.155
542.855,4530.898
542.821,4530.925
542.791,4530.962
542.296,4530.827
542.229,4529.983
542.226,4529.879
542.233,4529.768
542.427,4529.188
542.432,4529.174
542.517,4529.082
542.543,4529.057
542.557,4529.048
542.568,4529.046
542.606,4529.038
542.661,4529.037
544.585,4529.340
546.005,4529.953
547.438,4529.925
547.555,4529.687
547.636,4529.410
547.655,4529.379
548.135,4528.724
548.310,4528.486
548.365,4528.416
548.437,4528.340
548.508,4528.266
548.568,4528.207
548.630,4528.166
548.974,4527.976
549.363,4527.805
549.484,4527.780
549.582,4527.780
549.675,4527.799
549.788,4527.867
549.814,4527.887
549.850,4527.915
550.602,4528.589
550.618,4528.603
550.986,4528.947
551.009,4528.971
551.027,4528.991
551.048,4529.020
551.061,4529.043
551.085,4529.088
551.094,4529.118
551.094,4529.216
551.093,4529.226
551.075,4529.264
551.061,4529.337
551.061,4529.350
551.069,4529.396
551.129,4529.610
551.141,4529.651
551.147,4529.662
551.166,4529.694
551.225,4529.751
551.234,4529.759
551.284,4529.801
551.457,4529.926
551.667,4530.036
552.196,4530.075
553.070,4529.826
553.765,4529.966
554.019,4530.057
554.071,4530.072
554.129,4530.086
554.144,4530.088
554.251,4530.078
554.263,4530.062
554.292,4529.970
554.332,4529.829
554.330,4529.815
552.840,4527.694
552.614,4527.429
552.511,4527.329
552.435,4527.279
552.429,4527.275
552.422,4527.281
552.420,4527.290
552.397,4527.347
552.325,4527.395
552.311,4527.400
552.231,4527.418
552.203,4527.416
551.835,4527.259
551.816,4527.214
551.797,4527.154
551.794,4527.121
551.788,4527.059
551.798,4526.964
551.817,4526.811
551.824,4526.786
551.889,4526.683
551.900,4526.675
551.911,4526.669
551.921,4526.664
551.934,4526.662
552.024,4526.663
552.055,4526.664
553.311,4526.133
553.525,4526.140
553.559,4525.807
553.593,4525.606
553.983,4524.996
554.282,4524.990
554.602,4525.304
554.615,4525.390
554.592,4525.388
554.425,4525.404
554.385,4525.548
554.382,4525.569
554.384,4525.587
554.397,4525.623
554.410,4525.635
554.562,4525.719
554.579,4525.727
554.592,4525.728
554.632,4525.716
554.828,4525.572
555.328,4525.090
555.249,4524.837
555.113,4524.626
554.979,4523.569
554.979,4523.547
554.987,4523.516
555.029,4523.427
555.044,4523.404
555.094,4523.336
555.154,4523.270
555.209,4523.214
555.268,4523.159
555.360,4523.077
555.399,4523.049
555.415,4523.039
555.449,4523.029
555.947,4522.963
556.037,4522.749
556.066,4522.683
556.135,4522.654
556.222,4522.645
556.277,4522.658
556.648,4523.035
556.679,4523.096
556.708,4523.215
556.703,4523.249
556.708,4523.291
556.973,4523.586
557.077,4523.626
557.118,4523.621
557.135,4523.590
557.175,4523.587
557.404,4523.524
557.597,4523.466
557.668,4523.435
557.712,4523.395
557.945,4523.083
557.936,4522.980
557.935,4522.874
557.985,4522.722
558.012,4522.664
558.054,4522.581
558.131,4522.440
558.419,4521.961
558.462,4521.934
560.376,4521.505
561.092,4521.714
561.088,4521.732
561.138,4521.783
561.167,4521.791
561.226,4521.782
561.362,4521.748
561.368,4521.723
561.057,4521.039
560.707,4520.694
560.445,4520.566
560.192,4520.471
559.860,4520.412
558.819,4520.627
558.576,4520.829
558.223,4520.905
558.141,4520.897
558.108,4520.888
557.994,4520.812
557.934,4520.768
557.899,4520.734
557.863,4520.694
557.438,4519.730
557.419,4519.619
557.396,4519.476
557.395,4519.342
557.411,4519.259
557.441,4519.203
557.492,4519.162
557.525,4519.149
557.652,4519.123
557.944,4518.966
558.018,4518.894
558.119,4518.760
558.333,4518.236
558.357,4518.067
558.357,4518.040
558.355,4518.030
558.291,4517.882
558.066,4517.500
558.052,4517.479
557.851,4517.452
557.829,4517.453
557.801,4517.472
557.795,4517.480
557.795,4517.528
557.798,4517.585
557.780,4517.685
557.728,4517.727
557.664,4517.757
557.660,4517.757
557.471,4517.782
557.431,4517.775
557.369,4517.757
557.218,4517.697
557.193,4517.683
557.141,4517.655
557.068,4517.601
557.005,4517.540
556.951,4517.470
556.881,4517.362
556.826,4517.269
556.782,4517.187
556.720,4517.061
556.674,4516.942
556.615,4516.712
556.553,4516.344
556.545,4516.289
556.538,4516.074
556.538,4515.955
556.541,4515.831
556.550,4515.647
556.561,4515.465
556.588,4515.327
556.648,4515.070
556.716,4514.923
556.743,4514.865
557.416,4513.782
557.617,4513.460
557.955,4513.064
558.037,4512.991
559.391,4511.867
559.508,4511.876
559.568,4511.869
559.651,4511.852
560.024,4511.723
560.353,4511.599
560.367,4511.551
560.365,4511.476
560.610,4511.065
560.297,4510.886
560.237,4510.836
560.076,4510.170
560.324,4508.534
560.273,4508.491
560.231,4508.438
560.204,4508.360
560.176,4508.265
560.162,4508.175
560.162,4508.147
560.162,4508.124
560.163,4508.072
560.393,4506.798
560.426,4506.709
560.564,4506.391
560.624,4506.255
560.681,4506.155
560.841,4505.931
560.896,4505.865
561.002,4505.747
561.086,4505.676
561.871,4505.116
561.930,4505.091
562.013,4505.062
562.039,4505.056
562.126,4505.052
562.163,4505.052
562.214,4505.061
562.249,4505.072
562.341,4505.109
562.709,4504.762
563.005,4504.348
563.037,4504.300
563.354,4503.498
563.445,4503.196
563.533,4502.831
563.506,4502.556
563.455,4502.490
563.427,4502.431
563.412,4502.363
563.322,4501.858
563.282,4501.629
563.284,4501.595
563.300,4501.334
563.377,4500.948
563.387,4500.893
563.392,4500.838
563.390,4500.816
563.389,4500.795
563.374,4500.759
563.338,4500.714
563.315,4500.703
563.303,4500.697
563.244,4500.677
563.224,4500.671
563.180,4500.658
563.071,4500.556
563.043,4500.524
562.941,4500.354
562.904,4500.263
562.863,4500.139
562.803,4499.918
562.762,4499.715
562.755,4499.664
562.708,4499.078
562.703,4498.792
562.703,4498.674
562.712,4498.509
562.725,4498.351
562.736,4498.230
562.789,4497.799
562.816,4497.606
562.838,4497.499
562.852,4497.464
563.031,4497.065
563.170,4496.849
563.211,4496.789
563.223,4496.779
563.258,4496.778
563.289,4496.772
563.299,4496.768
563.322,4496.759
563.407,4496.706
563.706,4496.345
563.714,4496.319
563.540,4496.090
563.507,4496.011
563.504,4495.987
563.499,4495.395
563.499,4495.330
563.509,4495.193
563.513,4495.140
563.553,4494.918
563.579,4494.812
563.604,4494.723
563.835,4494.261
563.956,4494.070
564.052,4493.924
564.205,4493.703
564.442,4493.398
564.552,4493.273
564.632,4493.193
564.845,4492.990
564.957,4492.886
565.071,4492.792
565.098,4492.772
565.238,4492.687
565.317,4492.646
565.343,4492.644
565.404,4492.650
565.419,4492.654
566.227,4492.168
566.729,4491.633
566.897,4491.275
567.088,4490.657
567.218,4489.901
567.235,4489.667
567.230,4489.661
567.211,4489.641
567.173,4489.593
567.042,4489.420
567.020,4489.365
567.016,4489.310
567.019,4489.271
567.021,4489.241
567.030,4489.161
567.067,4489.052
567.119,4488.919
567.143,4488.873
567.230,4488.713
567.419,4488.479
567.554,4488.349
567.620,4488.288
567.646,4488.265
567.750,4488.195
568.518,4487.679
568.543,4487.667
568.561,4487.662
568.611,4487.649
568.639,4487.648
568.691,4487.648
568.755,4487.666
568.855,4487.692
568.965,4487.719
569.017,4487.713
569.834,4487.171
570.029,4486.967
570.072,4486.914
570.099,4486.866
570.163,4486.749
570.166,4486.734
570.148,4486.708
570.106,4486.671
570.060,4486.627
569.969,4485.878
569.949,4485.575
569.776,4484.399
569.482,4483.154
568.783,4481.374
568.733,4481.203
568.573,4480.641
568.561,4480.595
568.551,4480.558
568.444,4480.256
567.880,4478.813
567.217,4477.236
567.193,4477.238
567.075,4477.231
567.028,4477.226
566.940,4477.199
566.690,4477.043
566.583,4476.927
566.545,4476.884
566.432,4476.749
565.889,4475.623
565.645,4474.865
565.665,4474.166
565.634,4473.482
565.606,4473.297
565.596,4473.246
565.582,4473.194
564.831,4471.405
564.457,4470.842
564.138,4470.427
564.076,4470.360
564.064,4470.350
564.011,4470.328
563.754,4470.305
563.515,4470.325
563.471,4470.340
563.422,4470.348
563.377,4470.353
562.983,4470.357
562.961,4470.354
562.465,4470.032
562.303,4469.915
562.012,4469.689
561.322,4469.081
560.917,4468.686
560.081,4467.799
559.279,4466.940
559.163,4466.813
558.864,4466.482
558.371,4465.914
558.158,4465.652
558.094,4465.570
557.955,4465.382
557.828,4465.186
557.731,4465.035
557.556,4464.713
557.403,4464.468
556.951,4463.864
556.607,4463.515
556.555,4463.461
556.502,4463.304
556.436,4463.045
556.371,4462.849
556.082,4462.272
555.610,4461.370
555.590,4461.347
555.479,4461.267
555.473,4461.264
555.447,4461.255
555.441,4461.253
554.998,4460.668
553.730,4458.693
553.697,4458.641
553.689,4458.618
553.638,4458.438
553.336,4457.172
553.061,4456.001
553.041,4455.827
552.989,4455.138
552.993,4455.043
553.099,4454.069
553.284,4453.175
553.308,4453.064
553.314,4453.041
553.320,4453.015
553.353,4452.913
553.381,4452.883
553.464,4452.882
553.477,4452.877
553.488,4452.868
553.487,4452.705
553.456,4451.751
553.436,4451.720
553.423,4451.708
553.412,4451.698
553.405,4451.693
553.388,4451.688
553.349,4451.657
553.322,4451.619
553.313,4451.606
553.302,4451.588
553.292,4451.552
553.288,4451.513
553.248,4451.024
553.537,4449.232
553.709,4448.605
553.986,4447.905
554.008,4447.867
554.032,4447.828
554.051,4447.806
554.253,4447.602
554.289,4447.579
554.298,4447.576
554.311,4447.572
554.313,4447.578
554.318,4447.586
554.328,4447.594
554.336,4447.599
554.345,4447.605
554.378,4447.595
554.441,4447.573
554.465,4447.564
554.515,4447.530
554.535,4447.515
554.543,4447.508
554.725,4447.334
554.797,4447.242
554.812,4447.214
554.919,4446.974
554.962,4446.877
555.741,4445.009
555.752,4444.922
555.756,4444.878
555.757,4444.830
555.756,4444.618
555.754,4444.586
556.343,4443.403
557.048,4442.608
558.251,4440.945
558.259,4440.933
558.282,4440.893
558.394,4440.493
558.386,4440.466
558.381,4440.422
558.379,4440.397
558.377,4440.374
558.458,4440.281
558.668,4440.067
558.769,4439.967
559.717,4439.333
559.925,4439.231
559.956,4439.223
560.068,4439.208
560.097,4439.207
560.107,4439.210
560.119,4439.213
560.189,4439.202
560.280,4439.186
560.371,4439.167
562.114,4438.109
562.138,4438.093
562.512,4437.661
562.553,4437.602
562.560,4437.586
562.565,4437.572
562.715,4436.790
562.720,4436.763
562.727,4436.617
562.722,4436.579
562.716,4436.535
562.709,4436.497
562.705,4436.478
562.700,4436.452
562.612,4436.255
562.596,4436.234
562.587,4436.221
562.574,4436.207
562.567,4436.200
562.471,4436.139
562.213,4436.048
562.207,4436.044
562.037,4435.836
562.034,4435.825
561.953,4435.006
561.964,4434.935
561.868,4434.646
561.461,4433.444
561.179,4433.190
561.092,4433.108
561.082,4433.098
560.592,4432.390
560.212,4431.762
560.191,4431.721
560.176,4431.665
559.730,4429.997
559.722,4429.934
559.715,4429.867
559.713,4429.844
559.729,4429.757
559.737,4429.751
559.777,4429.714
559.825,4429.669
559.841,4429.643
559.886,4429.341
559.887,4429.158
559.750,4428.073
559.224,4427.195
559.132,4427.160
559.036,4427.101
559.023,4427.086
558.773,4426.502
558.739,4426.379
558.649,4426.294
558.646,4426.291
558.625,4426.226
558.512,4423.587
558.511,4423.489
558.513,4423.353
558.514,4423.319
558.531,4423.105
558.535,4423.060
558.596,4422.587
558.604,4422.538
558.615,4422.476
558.674,4422.258
558.695,4422.218
558.867,4421.868
558.887,4421.829
558.929,4421.762
559.007,4421.658
559.319,4421.265
559.786,4420.879
560.234,4420.951
560.272,4420.963
560.283,4420.967
560.296,4420.972
560.461,4421.164
560.477,4421.204
560.447,4421.331
560.479,4421.438
560.899,4421.224
560.954,4421.109
561.151,4420.562
561.187,4420.285
561.187,4420.257
561.167,4420.053
560.947,4419.322
560.609,4419.535
560.597,4419.548
560.571,4419.569
560.533,4419.592
560.507,4419.604
560.484,4419.608
560.304,4419.632
560.285,4419.625
560.194,4419.575
559.433,4419.151
559.257,4419.028
559.210,4418.976
559.129,4418.879
559.044,4418.762
558.983,4418.670
558.714,4418.225
558.663,4418.133
558.513,4417.822
558.397,4417.495
558.299,4416.912
558.289,4416.817
558.221,4415.800
558.219,4415.757
558.209,4415.314
558.346,4413.701
558.375,4413.553
558.439,4413.327
558.543,4413.126
559.031,4412.654
559.297,4412.296
559.555,4411.838
559.590,4411.753
559.594,4411.742
559.600,4411.722
559.571,4411.489
559.557,4411.399
559.382,4411.227
559.319,4411.186
559.291,4411.168
559.262,4411.161
559.236,4411.173
559.127,4411.136
558.640,4410.459
558.574,4410.327
558.563,4410.303
558.429,4409.866
557.939,4408.068
557.929,4408.026
557.752,4407.157
557.710,4406.928
557.683,4406.749
557.684,4406.671
557.640,4406.298
557.502,4405.325
557.496,4405.284
557.469,4405.191
557.465,4405.117
557.439,4404.708
557.414,4404.454
557.375,4404.189
557.356,4404.146
557.326,4403.956
557.243,4403.192
557.232,4402.824
557.221,4402.354
557.224,4402.302
557.233,4402.153
557.236,4402.120
557.243,4402.088
557.249,4402.074
557.402,4401.927
557.475,4401.867
557.518,4401.756
557.531,4401.703
557.542,4401.650
557.675,4400.784
557.666,4400.703
557.662,4400.681
557.659,4400.664
557.616,4400.641
557.561,4400.639
557.517,4400.640
557.662,4400.626
557.700,4400.613
557.745,4400.567
557.761,4400.545
557.800,4400.399
557.793,4400.283
557.779,4400.236
557.745,4400.172
557.711,4400.103
557.730,4398.764
557.873,4397.570
557.732,4397.003
557.731,4396.965
557.733,4396.940
557.736,4396.894
557.747,4396.845
557.764,4396.815
557.781,4396.791
557.805,4396.771
557.942,4395.887
557.325,4394.800
557.195,4394.800
556.932,4394.751
556.912,4394.744
556.717,4394.629
556.633,4394.500
556.628,4394.489
556.584,4394.384
556.539,4394.261
556.511,4394.032
556.514,4393.985
556.540,4393.801
556.856,4392.942
556.958,4392.746
556.951,4392.718
556.544,4391.578
555.922,4390.775
555.880,4390.710
555.859,4390.675
555.736,4390.331
555.620,4389.888
555.614,4389.857
555.524,4389.301
555.522,4389.234
555.522,4389.207
555.564,4388.493
555.914,4387.347
555.866,4386.931
556.036,4386.444
556.085,4385.982
556.012,4385.934
556.206,4384.815
556.206,4384.426
556.376,4384.207
556.474,4383.405
556.425,4383.016
556.352,4381.411
556.304,4380.292
556.085,4379.636
555.817,4379.223
555.914,4378.153
555.964,4377.933
555.349,4377.652
555.260,4377.582
555.202,4377.522
555.151,4377.449
555.106,4377.381
555.069,4377.309
554.986,4377.113
554.964,4377.045
554.940,4376.955
554.915,4376.856
554.462,4374.508
554.388,4374.114
554.368,4373.881
554.292,4372.867
554.290,4372.826
554.290,4372.758
554.292,4372.672
554.294,4372.594
554.392,4372.100
554.563,4371.943
554.768,4371.793
554.838,4371.743
555.033,4371.690
555.282,4371.731
555.315,4371.716
555.333,4371.681
555.440,4371.387
555.461,4371.200
555.391,4370.899
555.352,4370.790
555.333,4370.784
555.296,4370.782
555.235,4370.772
555.216,4370.747
555.192,4370.706
555.155,4370.567
555.149,4370.530
555.220,4369.828
555.270,4369.503
555.307,4369.427
555.332,4369.379
555.439,4368.972
555.514,4368.573
555.569,4368.179
555.188,4367.241
555.078,4366.030
554.973,4365.690
554.780,4365.421
554.762,4365.406
554.706,4365.417
554.687,4365.431
554.665,4365.438
554.616,4365.437
554.602,4365.432
554.595,4365.428
554.568,4365.409
554.518,4365.362
554.399,4365.192
554.350,4365.121
554.319,4365.072
554.121,4364.597
553.712,4363.548
553.428,4362.810
553.440,4362.761
552.891,4361.331
552.820,4361.171
552.725,4360.963
552.359,4360.059
552.350,4360.034
552.270,4359.784
551.992,4358.787
551.953,4358.637
551.942,4358.592
551.768,4357.867
551.765,4357.847
551.534,4356.082
551.477,4355.482
551.479,4355.317
551.626,4353.675
551.632,4353.646
551.642,4353.601
551.718,4353.283
551.756,4353.155
551.763,4353.135
551.792,4353.053
551.896,4352.789
551.949,4352.656
552.144,4352.239
552.160,4352.216
552.263,4352.092
552.811,4351.551
552.831,4351.531
552.876,4351.506
552.894,4351.501
552.909,4351.501
552.921,4351.501
553.105,4351.543
553.237,4351.571
553.271,4351.577
553.304,4351.571
553.391,4351.537
554.183,4350.961
554.381,4350.731
554.520,4350.469
554.661,4350.148
554.605,4349.791
554.585,4349.772
554.531,4349.745
554.038,4349.841
553.914,4349.875
553.833,4349.909
553.774,4349.940
553.760,4349.948
553.740,4349.960
553.685,4350.013
553.689,4350.021
553.697,4350.028
553.695,4350.041
553.692,4350.048
553.678,4350.060
553.620,4350.084
553.579,4350.086
552.865,4349.950
552.839,4349.944
552.816,4349.934
552.338,4349.604
552.331,4349.599
552.087,4349.373
552.025,4349.307
551.967,4349.246
551.946,4349.221
551.783,4349.024
551.769,4349.005
551.753,4348.981
551.421,4348.499
551.046,4347.925
550.991,4347.841
550.877,4347.655
550.819,4347.556
550.745,4347.422
550.695,4347.329
550.658,4347.254
550.469,4346.877
550.192,4346.301
550.169,4346.247
549.703,4345.122
549.602,4344.863
549.366,4344.159
549.351,4344.108
549.331,4344.031
549.256,4343.717
549.206,4343.486
549.205,4343.467
549.212,4343.391
549.149,4342.622
549.072,4342.282
549.030,4341.957
549.025,4341.872
548.995,4340.879
549.015,4340.771
548.821,4339.989
548.762,4339.849
548.751,4339.810
548.641,4339.270
548.605,4338.902
548.594,4338.731
548.597,4338.539
548.651,4338.176
548.698,4338.031
548.746,4337.899
549.218,4337.632
549.259,4337.616
549.329,4337.626
549.549,4337.634
549.642,4337.636
549.704,4337.612
549.786,4337.530
549.908,4337.399
549.927,4337.345
549.938,4337.310
549.966,4337.213
550.020,4336.713
550.004,4336.421
549.758,4336.154
549.563,4336.097
549.240,4335.821
548.924,4334.214
548.938,4334.179
549.038,4333.998
549.114,4333.939
549.072,4333.887
549.060,4333.867
549.000,4333.747
548.856,4333.181
548.738,4332.714
548.741,4332.697
548.742,4332.666
548.737,4332.644
548.431,4332.155
548.160,4331.844
547.447,4331.609
546.976,4331.591
546.604,4331.682
546.598,4331.683
546.580,4331.679
546.567,4331.673
546.518,4331.643
545.924,4331.168
545.887,4331.130
545.739,4330.976
545.447,4330.606
545.202,4330.243
545.163,4330.183
545.035,4329.961
545.001,4329.894
544.983,4329.859
544.957,4329.805
544.944,4329.778
544.904,4329.691
544.896,4329.673
544.877,4329.609
544.853,4329.507
544.849,4329.477
544.814,4328.572
544.816,4328.558
544.837,4328.482
545.036,4328.125
545.176,4327.885
545.297,4327.482
545.301,4327.447
545.299,4327.437
545.295,4327.413
545.263,4327.422
545.247,4327.431
545.234,4327.438
544.629,4327.820
544.524,4327.889
543.502,4328.876
543.500,4329.085
543.613,4329.086
543.621,4329.088
543.630,4329.093
543.645,4329.115
543.665,4329.149
543.685,4329.186
543.736,4329.853
543.718,4330.030
543.708,4330.083
543.660,4330.185
543.677,4330.158
543.731,4330.070
543.745,4330.051
543.753,4330.015
543.740,4329.962
543.738,4329.942
543.747,4329.898
543.814,4329.858
543.858,4329.856
543.873,4329.867
543.985,4329.976
544.013,4330.005
544.035,4330.043
544.055,4330.379
544.029,4330.692
544.023,4330.733
544.010,4330.769
543.992,4330.817
543.907,4330.987
543.893,4331.006
543.831,4331.087
543.676,4331.249
543.623,4331.303
543.559,4331.368
543.475,4331.445
543.466,4331.452
543.451,4331.461
543.435,4331.467
542.167,4331.896
542.118,4331.911
542.103,4331.916
542.020,4331.938
541.951,4331.946
541.909,4331.949
541.866,4331.944
540.854,4331.587
539.276,4331.323
539.112,4331.291
538.943,4331.222
538.913,4331.208
538.844,4331.142
538.835,4331.131
538.691,4330.933
538.613,4330.813
538.589,4330.807
538.460,4330.812
538.426,4330.817
538.369,4330.826
538.278,4330.881
538.256,4330.902
538.230,4330.956
537.980,4330.462
537.948,4330.404
537.941,4330.403
537.919,4330.398
537.901,4330.400
537.832,4330.408
537.819,4330.415
537.803,4330.424
537.550,4330.750
537.516,4330.797
537.508,4330.835
537.473,4331.167
537.476,4331.206
537.502,4331.351
537.504,4331.359
535.758,4332.354
535.248,4332.821
535.224,4332.831
535.177,4332.849
535.097,4332.875
535.042,4332.888
534.994,4332.899
534.902,4332.914
534.868,4332.901
534.809,4332.713
534.688,4332.512
534.678,4332.505
534.654,4332.493
534.645,4332.492
534.617,4332.505
534.012,4332.820
533.910,4332.886
533.898,4332.895
533.891,4332.905
533.878,4332.960
533.869,4333.277
533.877,4333.382
533.885,4333.405
533.994,4333.646
534.092,4333.893
534.098,4333.915
534.115,4334.007
534.115,4334.020
534.108,4334.036
534.098,4334.057
534.078,4334.091
533.995,4334.199
533.882,4334.306
533.874,4334.311
533.859,4334.316
533.841,4334.322
533.784,4334.339
533.282,4334.609
533.226,4334.949
532.811,4335.326
532.105,4336.063
532.095,4336.077
532.077,4336.099
532.067,4336.111
532.052,4336.126
532.036,4336.139
531.953,4336.202
531.919,4336.228
531.862,4336.268
531.467,4336.482
531.435,4336.494
531.379,4336.513
531.200,4336.558
530.828,4336.643
530.605,4336.582
530.595,4336.565
530.589,4336.555
530.571,4336.530
530.565,4336.528
530.525,4336.517
530.464,4336.525
530.300,4336.594
530.231,4336.632
529.922,4336.877
529.908,4336.891
529.870,4336.935
529.497,4337.497
529.482,4337.534
529.457,4337.662
529.454,4337.703
529.453,4337.721
529.456,4337.746
529.458,4337.780
529.453,4337.801
529.277,4338.258
529.268,4338.282
529.258,4338.301
529.250,4338.315
527.923,4339.122
527.927,4339.143
527.909,4339.357
527.902,4339.371
527.894,4339.380
527.877,4339.396
527.864,4339.408
527.765,4339.489
527.741,4339.504
527.710,4339.518
527.698,4339.523
527.681,4339.529
527.650,4339.541
527.622,4339.551
527.604,4339.555
527.539,4339.568
527.460,4339.583
527.400,4339.592
526.915,4339.668
526.800,4339.669
526.281,4339.550
525.872,4340.225
525.863,4340.295
525.830,4340.393
525.799,4340.421
525.767,4340.440
525.742,4340.453
525.732,4340.458
525.682,4340.484
525.643,4340.496
525.512,4340.525
525.407,4340.548
525.354,4340.557
525.326,4340.559
524.696,4340.572
524.318,4340.579
524.297,4340.579
524.278,4340.578
523.958,4340.557
521.910,4340.799
521.356,4340.824
521.040,4340.976
521.026,4340.983
521.013,4340.994
520.998,4341.006
520.983,4341.019
520.970,4341.035
520.949,4341.079
520.845,4341.279
520.543,4341.733
520.529,4341.747
520.498,4341.774
520.426,4341.826
520.382,4341.853
520.103,4342.016
520.060,4342.035
520.019,4342.050
519.977,4342.066
519.883,4342.098
519.840,4342.112
519.809,4342.118
519.786,4342.121
519.400,4342.143
519.374,4342.141
518.381,4342.025
518.227,4341.997
518.113,4341.968
517.904,4341.905
517.638,4341.818
517.612,4341.807
517.007,4341.541
516.585,4341.340
516.418,4341.254
516.086,4341.067
515.696,4340.836
515.627,4340.788
515.622,4340.784
515.462,4340.668
515.457,4340.664
515.357,4340.588
515.352,4340.584
515.129,4340.403
515.124,4340.399
515.085,4340.364
515.080,4340.360
515.043,4340.324
514.399,4339.658
514.350,4339.604
514.299,4339.549
514.232,4339.473
514.228,4339.467
514.110,4339.293
514.106,4339.287
514.077,4339.237
513.948,4338.987
513.905,4338.903
513.875,4338.829
513.814,4338.557
513.805,4338.493
513.796,4338.422
513.802,4338.312
513.805,4338.281
514.008,4338.101
514.025,4338.088
514.048,4338.076
514.051,4338.074
514.085,4338.057
514.168,4338.019
514.261,4337.989
514.278,4337.985
514.364,4337.965
514.413,4337.961
514.447,4337.964
514.589,4337.671
514.212,4337.007
514.202,4336.996
514.192,4336.992
513.898,4336.920
513.705,4336.910
512.610,4337.200
512.178,4337.620
512.011,4337.867
510.658,4339.647
510.619,4339.690
510.585,4339.727
509.968,4340.273
509.893,4340.316
509.497,4340.535
508.281,4340.542
508.208,4340.516
508.064,4340.425
507.997,4340.381
506.783,4339.523
505.962,4338.835
505.860,4338.749
505.288,4338.242
505.283,4338.238
505.272,4338.226
505.234,4338.184
504.673,4337.556
503.796,4336.495
503.308,4335.879
502.610,4334.925
502.427,4334.640
502.341,4334.489
502.250,4334.312
501.740,4333.465
501.662,4333.331
501.635,4333.271
501.573,4333.134
501.555,4333.085
501.521,4332.994
501.506,4332.952
501.504,4332.923
501.496,4332.699
501.411,4332.250
501.257,4331.454
501.253,4331.433
501.249,4331.418
501.236,4331.362
501.204,4331.251
500.771,4330.235
500.991,4329.655
501.222,4329.207
501.353,4328.729
501.397,4328.501
501.412,4328.405
501.408,4328.389
501.360,4328.279
501.329,4328.166
501.235,4327.737
501.235,4327.712
501.254,4327.457
501.255,4327.439
501.275,4327.289
501.406,4326.482
501.409,4326.465
501.414,4326.443
501.428,4326.394
501.437,4326.381
501.461,4326.363
501.479,4326.363
501.498,4326.362
501.513,4326.356
501.521,4326.348
501.532,4326.334
501.787,4326.022
501.894,4325.886
502.949,4324.219
503.051,4324.035
503.063,4324.023
503.239,4323.852
503.254,4323.838
503.313,4323.805
503.354,4323.782
503.392,4323.767
503.413,4323.758
503.427,4323.752
503.474,4323.731
503.495,4323.716
503.536,4323.680
503.555,4323.660
503.853,4323.324
503.875,4323.298
503.888,4323.281
503.899,4323.265
503.915,4323.234
503.938,4323.174
503.962,4323.007
503.959,4322.994
503.537,4321.415
503.508,4321.365
503.491,4321.341
502.905,4320.483
502.555,4320.043
502.261,4319.386
502.110,4319.015
502.062,4318.033
502.094,4317.194
501.584,4316.428
501.024,4315.350
499.931,4315.265
499.907,4315.260
499.831,4315.243
499.789,4315.231
499.768,4315.221
499.742,4315.204
499.723,4315.192
499.690,4315.170
499.671,4315.157
499.653,4315.141
499.635,4315.120
499.618,4315.101
499.595,4315.074
499.549,4315.011
499.537,4314.988
499.530,4314.969
499.520,4314.938
499.509,4314.886
499.144,4313.993
498.188,4312.963
497.166,4311.938
495.306,4310.380
495.222,4310.307
495.166,4310.233
495.000,4310.014
494.996,4309.999
494.987,4309.964
494.644,4309.578
493.650,4308.911
493.562,4308.849
493.491,4308.799
493.403,4308.719
493.341,4308.662
493.251,4308.576
493.186,4308.513
493.141,4308.469
492.748,4308.049
492.601,4307.887
492.253,4307.409
492.176,4307.217
491.929,4306.720
491.840,4306.554
491.666,4306.325
491.603,4306.250
490.663,4305.566
490.595,4305.583
490.578,4305.582
490.506,4305.569
489.729,4305.252
489.584,4305.173
489.323,4304.959
487.863,4303.687
487.826,4303.654
487.388,4303.309
486.677,4303.119
486.244,4303.302
486.023,4303.533
485.889,4303.278
485.850,4303.251
485.656,4303.165
485.626,4303.162
485.486,4303.178
485.474,4303.187
485.172,4303.558
484.973,4303.930
484.967,4303.945
484.960,4304.016
484.967,4304.258
484.566,4304.927
484.551,4304.945
484.368,4305.086
484.362,4305.089
483.176,4305.659
482.865,4305.642
482.640,4305.441
482.621,4305.419
482.599,4305.382
482.567,4305.166
482.563,4305.113
482.143,4305.106
481.933,4305.231
481.341,4305.567
481.240,4305.529
481.230,4305.525
481.029,4305.987
481.034,4306.895
481.074,4306.978
481.047,4307.040
481.040,4307.055
480.967,4307.152
480.945,4307.170
480.612,4307.429
480.588,4307.443
480.566,4307.442
480.540,4307.438
480.494,4307.419
480.479,4307.410
480.492,4307.359
480.489,4307.331
480.471,4307.304
480.445,4307.287
480.412,4307.293
480.164,4307.338
479.719,4307.464
479.369,4307.590
478.923,4307.940
478.387,4308.254
477.629,4308.667
477.282,4308.846
476.862,4309.101
476.666,4309.246
476.512,4309.461
476.375,4309.665
476.194,4309.822
476.119,4309.861
476.035,4309.890
475.959,4309.903
475.920,4309.900
475.791,4309.873
475.751,4309.786
475.719,4309.166
475.405,4308.677
475.264,4308.493
474.273,4307.951
473.672,4307.777
473.568,4307.823
473.419,4307.792
472.640,4307.088
472.500,4306.933
472.466,4306.891
472.461,4306.868
472.466,4306.835
472.463,4306.820
472.403,4306.766
472.280,4306.733
471.934,4306.673
471.616,4306.631
471.523,4306.637
471.399,4306.730
471.318,4306.808
471.276,4306.862
471.234,4306.926
471.201,4307.004
471.144,4307.100
471.073,4307.169
470.924,4307.154
470.879,4307.121
470.843,4306.649
470.854,4306.591
471.200,4306.268
471.409,4305.697
471.437,4305.620
471.450,4305.563
471.406,4305.416
471.361,4305.356
471.291,4305.276
471.156,4305.159
471.000,4305.084
470.959,4305.074
470.909,4305.067
470.445,4305.170
470.386,4305.230
470.365,4305.335
470.347,4305.464
470.285,4305.528
470.179,4305.546
470.020,4305.503
469.885,4305.425
469.803,4305.362
469.619,4305.171
469.581,4305.010
469.503,4304.670
469.497,4304.619
469.491,4304.551
469.493,4304.282
469.551,4304.137
469.875,4303.897
469.927,4303.861
470.212,4302.478
469.147,4301.872
468.762,4301.851
468.738,4301.869
468.613,4301.980
468.481,4302.124
468.473,4302.183
468.527,4302.273
468.594,4302.330
469.272,4303.087
469.218,4303.104
468.953,4303.239
468.833,4303.525
468.845,4303.706
468.860,4303.847
469.052,4304.223
469.124,4304.361
469.232,4304.566
469.334,4304.728
469.407,4304.801
469.449,4304.836
469.474,4304.883
469.446,4304.951
469.395,4305.029
469.334,4305.098
469.223,4305.182
469.136,4305.240
469.058,4305.254
468.678,4305.296
468.545,4305.300
468.469,4305.300
468.424,4305.296
468.397,4305.293
468.087,4305.239
467.684,4305.030
467.387,4304.821
467.190,4304.681
467.167,4304.673
466.529,4304.706
466.186,4304.760
466.144,4304.768
466.118,4304.780
465.965,4304.880
465.889,4304.958
465.858,4305.905
465.876,4306.117
465.922,4306.341
465.967,4306.432
466.452,4307.038
466.912,4307.513
467.304,4309.393
467.377,4309.915
467.341,4310.094
467.197,4310.604
467.125,4310.798
467.064,4310.962
466.987,4311.157
466.953,4311.232
466.894,4311.361
466.700,4311.754
466.431,4312.179
466.195,4312.426
466.132,4312.480
466.028,4312.558
465.977,4312.594
465.923,4312.625
465.877,4312.646
465.765,4312.694
465.660,4312.738
465.637,4312.746
465.422,4312.736
465.383,4312.734
465.315,4312.727
465.271,4312.718
465.208,4312.704
465.157,4312.689
465.120,4312.674
465.072,4312.654
465.033,4312.635
465.015,4312.618
464.703,4312.212
464.275,4311.935
464.252,4311.922
464.223,4311.911
464.198,4311.936
464.190,4311.949
464.078,4312.218
464.069,4312.246
464.030,4312.387
464.031,4312.412
464.053,4312.473
464.111,4312.588
464.224,4312.675
464.238,4312.681
464.327,4312.697
464.345,4312.699
464.358,4312.698
464.377,4312.914
463.337,4314.723
463.346,4314.928
463.347,4314.948
463.345,4314.960
462.976,4315.831
462.898,4315.947
462.883,4315.963
462.807,4316.013
462.782,4316.021
462.761,4316.025
462.623,4316.119
462.502,4316.337
462.449,4316.486
462.431,4316.542
462.333,4316.840
462.333,4316.854
462.339,4316.970
462.342,4317.047
462.433,4317.600
462.487,4318.180
462.571,4318.258
462.759,4318.386
462.897,4318.475
462.911,4318.472
462.974,4318.470
462.986,4318.481
463.005,4318.497
463.022,4318.513
463.111,4318.605
463.131,4318.633
463.175,4318.713
463.190,4318.742
463.196,4318.754
463.237,4318.857
463.256,4318.912
463.287,4319.028
463.330,4319.286
463.334,4319.403
463.332,4319.498
463.305,4319.673
463.253,4320.159
463.245,4320.223
463.227,4320.343
463.216,4320.393
463.209,4320.420
463.097,4320.674
463.037,4320.804
462.908,4321.079
462.700,4321.473
462.674,4321.516
462.599,4321.626
462.359,4321.903
462.268,4321.956
462.197,4321.997
462.151,4322.019
461.988,4322.064
461.911,4322.073
461.571,4322.067
461.501,4322.066
461.467,4322.059
461.437,4322.050
461.414,4322.042
461.375,4322.026
461.329,4322.005
461.329,4321.998
461.264,4321.939
461.244,4321.921
461.224,4321.905
461.193,4321.883
461.097,4321.823
461.043,4321.794
461.009,4321.791
460.984,4321.794
460.952,4321.800
460.932,4321.805
460.557,4322.028
460.442,4322.120
459.977,4322.527
459.739,4322.764
459.714,4322.789
459.687,4322.881
459.661,4322.982
459.659,4322.996
459.658,4323.011
459.091,4323.446
458.034,4323.704
457.789,4323.785
457.749,4323.806
457.254,4323.815
456.627,4323.930
456.303,4323.870
455.328,4323.639
454.296,4323.345
453.861,4323.255
453.807,4323.238
453.808,4323.168
453.915,4322.634
454.007,4322.487
454.005,4322.369
453.626,4321.526
453.585,4321.444
453.447,4321.196
453.338,4321.029
453.170,4320.731
452.864,4320.163
452.735,4319.914
452.691,4319.820
452.659,4319.748
452.635,4319.684
452.628,4319.663
452.623,4319.639
452.476,4318.950
452.399,4318.117
452.408,4316.670
452.423,4316.661
452.442,4316.649
452.478,4316.601
452.506,4316.468
452.508,4316.451
452.502,4315.853
452.498,4315.785
452.490,4315.749
452.125,4315.057
452.116,4315.050
452.014,4315.006
451.948,4314.988
451.924,4314.985
451.910,4314.985
451.893,4314.988
451.866,4314.979
451.854,4314.967
451.711,4314.794
451.690,4314.767
451.586,4314.612
451.562,4314.567
451.546,4314.531
451.540,4314.508
451.539,4314.494
451.540,4314.475
451.543,4314.459
451.746,4313.870
451.900,4313.585
451.639,4313.412
451.555,4313.439
451.542,4313.437
451.524,4313.434
451.380,4313.350
451.365,4313.339
451.313,4313.300
451.298,4313.289
451.271,4313.267
451.253,4313.252
451.234,4313.235
451.195,4313.155
451.185,4313.133
451.185,4313.119
451.192,4313.103
451.211,4313.068
451.231,4313.021
451.240,4312.998
451.242,4312.972
451.244,4312.934
451.242,4312.917
451.232,4312.850
451.230,4312.837
451.223,4312.825
451.211,4312.814
451.193,4312.803
450.829,4312.601
450.640,4312.498
449.875,4312.545
449.843,4312.580
449.821,4312.597
449.795,4312.610
449.771,4312.616
449.745,4312.620
449.722,4312.619
449.700,4312.613
449.675,4312.605
449.624,4312.586
449.493,4312.518
449.477,4312.507
449.428,4312.464
449.419,4312.457
449.412,4312.444
449.380,4312.352
449.330,4312.154
449.325,4312.104
449.328,4312.088
449.333,4312.072
449.334,4312.051
449.331,4312.041
449.304,4312.014
449.246,4311.979
449.233,4311.975
449.211,4311.981
448.891,4312.108
448.871,4312.117
448.603,4312.323
448.295,4312.764
448.244,4313.192
448.262,4313.273
448.277,4313.325
448.283,4313.339
448.295,4313.338
448.306,4313.324
448.317,4313.322
448.335,4313.322
448.348,4313.328
448.357,4313.339
448.363,4313.359
448.368,4313.380
448.375,4313.529
448.363,4313.970
448.351,4314.041
448.346,4314.058
448.312,4314.084
448.068,4314.210
448.043,4314.216
448.015,4314.213
447.962,4314.182
447.859,4314.189
447.841,4314.191
447.765,4314.278
447.705,4314.452
447.687,4314.505
447.487,4315.132
447.486,4315.288
447.488,4315.380
447.518,4315.569
447.546,4315.772
447.450,4315.863
447.297,4315.992
447.095,4316.057
446.925,4316.565
446.644,4317.037
446.547,4317.281
446.650,4317.634
446.480,4317.855
446.331,4317.992
445.922,4318.301
445.554,4319.043
445.547,4319.115
445.545,4319.137
445.547,4319.179
445.556,4319.204
445.648,4319.346
445.694,4319.369
445.718,4319.382
445.825,4319.479
445.827,4319.490
445.818,4319.511
445.810,4319.521
445.758,4319.548
445.740,4319.517
445.688,4319.443
445.536,4319.375
445.518,4319.375
445.502,4319.378
445.132,4319.960
445.115,4319.993
444.925,4320.480
444.974,4320.618
444.980,4320.624
444.647,4321.153
444.602,4322.105
444.603,4322.141
444.617,4322.472
444.467,4323.579
444.395,4324.020
444.390,4324.042
444.375,4324.103
444.331,4324.239
444.324,4324.260
